[	
	{
		"name": "Banner top",
		"id": "bannertop",
		"description": "Widgets area on the header of website",
		"before_widget": "",
		"after_widget": "",
		"before_title": "",
		"after_title": ""
	},
	{
		"name": "Top I widgets",
		"id": "top1",
		"description": "Widgets area on under the header of website",
		"before_widget": "<div id=\"%1$s\" class=\"box %2$s\">",
		"after_widget": "</div>",
		"before_title": "<h3 class=\"box-title\">",
		"after_title": "</h3>",
		"amount": "3"
	},
	{
		"name": "Top II widgets",
		"id": "top2",
		"description": "Widgets area on under the top1 widgets area",
		"before_widget": "<div id=\"%1$s\" class=\"box %2$s\">",
		"after_widget": "</div>",
		"before_title": "<h3 class=\"box-title\">",
		"after_title": "</h3>",
		"amount": "3"
	},
	{
		"name": "Sidebar",
		"id": "sidebar",
		"description": "Sidebar column",
		"before_widget": "<div id=\"%1$s\" class=\"box %2$s\">",
		"after_widget": "</div>",
		"before_title": "<h3 class=\"box-title\">",
		"after_title": "</h3>"
	},
	{
		"name": "Inset",
		"id": "inset",
		"description": "Inset column",
		"before_widget": "<div id=\"%1$s\" class=\"box %2$s\">",
		"after_widget": "</div>",
		"before_title": "<h3 class=\"box-title\">",
		"after_title": "</h3>"
	},	
	{
		"name": "Mainbody Top",
		"id": "mainbody_top",
		"description": "Block directly over mainbody",
		"before_widget": "<div id=\"%1$s\" class=\"box %2$s\">",
		"after_widget": "</div>",
		"before_title": "<h3 class=\"box-title\">",
		"after_title": "</h3>"
	},
	{
		"name": "Mainbody",
		"id": "mainbody",
		"description": "Widgets area used only if is enabled in the theme options instead of showing posts",
		"before_widget": "<div id=\"%1$s\" class=\"box %2$s\">",
		"after_widget": "</div>",
		"before_title": "<h3 class=\"box-title\">",
		"after_title": "</h3>"
	},
	{
		"name": "Mainbody Bottom",
		"id": "mainbody_bottom",
		"description": "Block directly under mainbody",
		"before_widget": "<div id=\"%1$s\" class=\"box %2$s\">",
		"after_widget": "</div>",
		"before_title": "<h3 class=\"box-title\">",
		"after_title": "</h3>"
	},
	{
		"name": "Bottom I widgets",
		"id": "bottom1",
		"description": "Widgets area over the footer area",
		"before_widget": "<div id=\"%1$s\" class=\"box %2$s\">",
		"after_widget": "</div>",
		"before_title": "<h3 class=\"box-title\">",
		"after_title": "</h3>",
		"amount": "6"
	},
	{
		"name": "Bottom II widgets",
		"id": "bottom2",
		"description": "Widgets area over the footer area",
		"before_widget": "<div id=\"%1$s\" class=\"box %2$s\">",
		"after_widget": "</div>",
		"before_title": "<h3 class=\"box-title\">",
		"after_title": "</h3>",
		"amount": "6"
	},
	{
		"name": "Social",
		"id": "social",
		"description": "Widgets area on the toolbar position",
		"before_widget": "",
		"after_widget": "",
		"before_title": "",
		"after_title": ""
	},
	{
		"name": "Search",
		"id": "search",
		"description": "Widgets area on the toolbar position",
		"before_widget": "",
		"after_widget": "",
		"before_title": "",
		"after_title": ""
	},
	{
		"name": "Tab I",
		"id": "tab1",
		"description": "Widgets area for use in the GK Tabs widget",
		"before_widget": "",
		"after_widget": "",
		"before_title": "",
		"after_title": ""
	},
	{
		"name": "Tab II",
		"id": "tab2",
		"description": "Widgets area for use in the GK Tabs widget",
		"before_widget": "",
		"after_widget": "",
		"before_title": "",
		"after_title": ""
	},
	{
		"name": "Tab III",
		"id": "tab3",
		"description": "Widgets area for use in the GK Tabs widget",
		"before_widget": "",
		"after_widget": "",
		"before_title": "",
		"after_title": ""
	}
]